NeedDomain,n,mean,sd,median
Need1,736,2.25486865942029,0.7212245492570599,2.2
Need2,735,2.21265306122449,0.7383770834364777,2.2
Need3,735,2.3346938775510204,0.8140352009412654,2.3333333333333335
Need4,735,2.3350340136054415,0.7434412346740689,2.25
Need5,735,2.669387755102041,0.772478369161044,3
Need6,735,2.039455782312926,0.8702279621733653,2
