Comparison,Correlation
Year4 vs Year1,0.9935496386169499
Year4 vs Year2,0.9988985189120676
Year4 vs Year3,0.9989625485944373
