Domain,Model,chisq,df,pvalue,cfi,tli,rmsea,srmr
Domain1,Sensitivity_MLR_Centered,522.157348106587,34,0,0.838681344367304,0.786490014603785,0.129359048680315,0.0682473455534439
Domain2,Sensitivity_MLR_Centered,103.296430961794,34,6.51177822774685e-09,0.975137004293898,0.967093093918394,0.0487385193271925,0.0294751431974889
Domain4,Sensitivity_MLR_Centered,84.165468144809,13,1.80389037041095e-12,0.959908949837266,0.935237534352507,0.0799231455543227,0.0324341702387002
