lhs,op,rhs,est,se,z,pvalue,ci.lower,ci.upper,std.lv,std.all,Domain,Model,std_estimate
Need1,~,Comp1,-0.17366448601971884,0.04119944323875551,-4.2152143904788515,2.495410176428514e-5,-0.25441391095078186,-0.09291506108865583,-0.17110346725605588,-0.17110346725605588,Domain1,Sensitivity_OverlapRemoved,-0.17110346725605588
Need2,~,Comp2,-0.20783809539899875,0.04205826416139804,-4.9416707879674435,7.745592411900759e-7,-0.29027077840761056,-0.12540541239038694,-0.20348952455813074,-0.20348952455813074,Domain2,Sensitivity_OverlapRemoved,-0.20348952455813074
Need4,~,Comp4,-0.25976678898549943,0.047979496793135096,-5.414120746315682,6.159059551258395e-8,-0.3538048746963992,-0.16572870327459965,-0.2514224185564153,-0.2514224185564153,Domain4,Sensitivity_OverlapRemoved,-0.2514224185564153
