Domain,Alpha
Comp1,0.7501584953812042
Comp2,0.7169096155244065
Comp3,0.6773499558976599
Comp4,0.7225310653879602
Comp5,0.953200822139376
Comp6,0.7125441666923058
