Parameter,Eta2,CI,CI_low,CI_high,DV
Q65,0.05811644259405644,0.95,0.02738524141087497,1,Comp1
Q65,0.046170105413019955,0.95,0.018308370099071755,1,Comp2
Q65,0.053729061971611515,0.95,0.02399394901605243,1,Comp3
Q65,0.035596140738543045,0.95,0.010779574718235964,1,Comp4
Q65,0.010195150966741808,0.95,0,1,Comp5
Q65,0.03375502093950922,0.95,0.009533205635148062,1,Comp6
