Parameter,Eta2,CI,CI_low,CI_high,DV
Year,8.964974185492953e-4,0.95,0,1,Comp1
Year,0.0025210633010247503,0.95,2.3212985473459113e-4,1,Comp2
Year,5.01252604784503e-4,0.95,0,1,Comp3
Year,0.006927119674106636,0.95,0.002865086375704207,1,Comp4
Year,0.01427813855056947,0.95,0.008348425432572143,1,Comp5
Year,0.01829812899241717,0.95,0.011576506710511364,1,Comp6
